{
    "classification_report": {
        "0": {
            "precision": 0.9883571642132292,
            "recall": 0.9587150485354078,
            "f1-score": 0.9733104714399529,
            "support": 58617.0
        },
        "1": {
            "precision": 0.21428571428571427,
            "recall": 0.49924357034795763,
            "f1-score": 0.29986369831894594,
            "support": 1322.0
        },
        "accuracy": 0.9485810574083652,
        "macro avg": {
            "precision": 0.6013214392494717,
            "recall": 0.7289793094416828,
            "f1-score": 0.6365870848794494,
            "support": 59939.0
        },
        "weighted avg": {
            "precision": 0.9712844326560766,
            "recall": 0.9485810574083652,
            "f1-score": 0.9584570932710483,
            "support": 59939.0
        }
    },
    "roc_auc": 0.7289793094416828,
    "average_precision": 0.11802532704589988,
    "confusion_matrix": {
        "labels": [
            "non_fraud",
            "fraud"
        ],
        "matrix": [
            [
                56197,
                2420
            ],
            [
                662,
                660
            ]
        ]
    },
    "roc_curve": {
        "fpr": [
            0.0,
            0.041284951464592184,
            1.0
        ],
        "tpr": [
            0.0,
            0.49924357034795763,
            1.0
        ],
        "thresholds": [
            Infinity,
            0.20833765425697398,
            0.02206409850014181
        ]
    },
    "precision_recall_curve": {
        "precision": [
            0.022055756685964063,
            0.21428571428571427,
            1.0
        ],
        "recall": [
            1.0,
            0.49924357034795763,
            0.0
        ],
        "thresholds": [
            0.02206409850014181,
            0.20833765425697398
        ]
    }
}